episode,episode_length,episode_reward,step,total_time
0.0,1000.0,25.40684324467734,0.0,9.655104875564575
0.0,1000.0,756.4565900233081,10000.0,375.6351981163025
0.0,1000.0,871.0099282581374,20000.0,732.6712048053741
