episode,episode_length,episode_reward,step,total_time
0.0,1000.0,0.6128880015416749,0.0,151.23149347305298
0.0,1000.0,254.04678135004005,10000.0,468.3754105567932
0.0,1000.0,467.3447438754759,20000.0,775.0573465824127
0.0,1000.0,556.7332212222186,30000.0,1083.686923980713
0.0,1000.0,555.3044720413029,40000.0,1389.1422748565674
0.0,1000.0,321.4232851881926,50000.0,1692.1944427490234
0.0,1000.0,390.18900602212113,60000.0,1998.2147750854492
0.0,1000.0,557.6026954751275,70000.0,2312.8367264270782
